<mujoco model="aloha_scene">
  <compiler meshdir="assets" texturedir="assets"/>

  <include file="mjx_aloha.xml"/>

  <custom>
    <numeric data="24" name="max_contact_points"/>
  </custom>

  <option iterations="8" ls_iterations="8" timestep="0.005"/>

  <statistic center="0 -0.1 0.2" extent="0.6" meansize="0.05"/>

  <visual>
    <headlight diffuse=".8 .8 .8" ambient=".2 .2 .2" specular="1 1 1"/>
    <rgba force="1 0 0 1"/>
    <global azimuth="-40" elevation="-30"/>
    <map force="0.01"/>
    <quality shadowsize="8192"/>
    <scale contactwidth="0.075" contactheight="0.025" forcewidth="0.05" com="0.05" framewidth="0.01" framelength="0.2"/>
  </visual>

  <asset>
    <!-- table extrusions and frame -->
    <mesh file="extrusion_2040_880.stl"/>
    <mesh file="extrusion_150.stl"/>
    <mesh file="corner_bracket.stl"/>
    <mesh file="extrusion_1220.stl"/>
    <mesh file="extrusion_1000.stl"/>
    <mesh file="angled_extrusion.stl"/>
    <mesh file="extrusion_600.stl"/>
    <mesh file="overhead_mount.stl"/>
    <mesh file="extrusion_2040_1000.stl"/>
    <mesh file="wormseye_mount.stl"/>

    <!-- Table dimensions (length x width x height in meters): 1.21x0.76x0.75 -->
    <mesh file="tablelegs.obj"/>
    <mesh file="tabletop.obj"/>

    <texture type="2d" file="small_meta_table_diffuse.png"/>
    <texture type="skybox" builtin="gradient" rgb1="1 1 1" rgb2="1 1 1" width="800" height="800"/>
    <texture type="2d" name="groundplane" builtin="checker" mark="edge" rgb1="1 1 1" rgb2="1 1 1" markrgb="0 0 0"
      width="300" height="300"/>
    <material name="groundplane" texture="groundplane" texuniform="true" texrepeat="5 5" reflectance="0"/>
    <material name="table" texture="small_meta_table_diffuse"/>
    <material name="metal" rgba="0.517 0.529 0.537 1"/>
  </asset>

  <default>
    <default class="frame">
      <geom group="1" type="mesh" material="black" contype="0" conaffinity="0"/>
    </default>
  </default>

  <worldbody>
    <light pos="0 0 3" dir="0 0 -1" directional="true"/>
    <geom name="floor" size="0 0 0.05" type="plane" material="groundplane" pos="0 0 -.75" contype="0" conaffinity="0"/>
    <site name="worldref" pos="0 0 -0.75"/>
    <geom mesh="tabletop" material="table" class="visual" pos="0 0 -0.75" quat="1 0 0 1"/>
    <geom mesh="tablelegs" material="table" class="visual" pos="0 0 -0.75" quat="1 0 0 1"/>
    <geom name="table" pos="0 0 0.0008" size="0.61 0.37 0.1" type="plane" class="collision" contype="1" conaffinity="1"/>
    <camera name="overhead_cam" focal="1.93e-3 1.93e-3" resolution="1280 720" sensorsize="3896e-6 2140e-6"
            pos="0 -0.303794 1.02524" mode="fixed" quat="0.976332 0.216277 0 0"/>
    <camera name="worms_eye_cam" focal="1.93e-3 1.93e-3" resolution="1280 720" sensorsize="3896e-6 2140e-6"
            pos="0 -0.377167 0.0316055" mode="fixed" quat="0.672659 0.739953 0 0"/>
    <geom class="frame" pos="0.44 -0.361 1.03" quat="0 1 0 1" mesh="extrusion_2040_880"/>
    <geom class="frame" pos="0.44 -0.371 0.61" quat="1 0 -1 0" mesh="extrusion_150"/>
    <geom class="frame" pos="0 -0.303794 1.02524" quat="0 0 0.976296 0.21644" mesh="d405_solid"/>
    <geom class="frame" pos="0.44 -0.383 1.04" quat="0 0 -1 1" mesh="corner_bracket"/>
    <geom class="frame" pos="-0.61 -0.391 -0.01" quat="0 -1 0 1" mesh="extrusion_1220"/>
    <geom class="frame" pos="-0.59 -0.371 0.61" quat="0 -1 0 1" mesh="extrusion_150"/>
    <geom class="frame" pos="0.42 -0.383 0.62" quat="1 1 1 -1" mesh="corner_bracket"/>
    <geom class="frame" pos="0 -0.377167 0.0316055" quat="0 0 -0.672367 -0.740218" mesh="d405_solid"/>
    <geom class="frame" pos="0.61 -0.383 0.62" quat="0 0 1 -1" mesh="corner_bracket"/>
    <geom class="frame" pos="-0.43 -0.361 1.02" quat="0 0 0 1" mesh="extrusion_2040_1000"/>
    <geom class="frame" pos="-0.61 -0.383 0.62" quat="1 1 1 -1" mesh="corner_bracket"/>
    <geom class="frame" pos="-0.43 -0.24 0.12" quat="0.923 0.382 0 0" material="metal" mesh="angled_extrusion"/>
    <geom class="frame" pos="-0.59 -0.066 0.01" quat="0 1 0 -1" mesh="extrusion_150"/>
    <geom class="frame" pos="-0.6 -0.371 0.62" quat="0 0 0 -1" mesh="extrusion_600"/>
    <geom class="frame" pos="0.44 -0.631 0.01" quat="1 0 -1 0" mesh="extrusion_150"/>
    <geom class="frame" pos="0 -0.351 1.03" quat="0 0 1 1" mesh="overhead_mount"/>
    <geom class="frame" pos="-0.43 -0.641 0.01" quat="1 1 -1 1" mesh="extrusion_1000"/>
    <geom class="frame" pos="0.6 -0.26 0.12" quat="0.923 0.382 0 0" material="metal" mesh="angled_extrusion"/>
    <geom class="frame" pos="0.44 -0.066 0.01" quat="1 0 -1 0" mesh="extrusion_150"/>
    <geom class="frame" pos="-0.44 -0.383 1.04" quat="1 1 1 -1" mesh="corner_bracket"/>
    <geom class="frame" pos="-0.61 0.369 0.01" quat="0 1 0 -1" mesh="extrusion_1220"/>
    <geom class="frame" pos="0.43 -0.641 0.01" quat="0 0 -1 1" mesh="extrusion_1000"/>
    <geom class="frame" pos="0.6 -0.641 0.01" quat="0 0 -1 1" mesh="extrusion_1000"/>
    <geom class="frame" pos="-0.59 -0.631 0.01" quat="0 1 0 -1" mesh="extrusion_150"/>
    <geom class="frame" pos="-0.42 -0.383 0.62" quat="0 0 -1 1" mesh="corner_bracket"/>
    <geom class="frame" pos="-0.6 -0.641 0.01" quat="0 0 -1 1" mesh="extrusion_1000"/>
    <geom class="frame" pos="0.6 -0.371 0.62" quat="1 0 0 1" mesh="extrusion_600"/>
    <geom class="frame" pos="0.43 -0.24 0.12" quat="0.923 0.382 0 0" material="metal" mesh="angled_extrusion"/>
    <geom class="frame" pos="-0.6 -0.26 0.12" quat="0.923 0.382 0 0" material="metal" mesh="angled_extrusion"/>
    <geom class="frame" pos="0.43 -0.361 1.02" quat="0 0 0 1" mesh="extrusion_2040_1000"/>
    <geom class="frame" pos="0 -0.391 -0.01" quat="0 0 0 1" mesh="wormseye_mount"/>
  </worldbody>
</mujoco>
